{"cameraMode":{"drawMode":0,"name":"Shaded","section":"Shading Mode"},"sceneLighting":true,"audioPlay":false,"sceneViewState":{"showFog":true,"showMaterialUpdate":false,"showSkybox":true,"showFlares":true,"showImageEffects":true,"showParticleSystems":true},"in2DMode":false,"pivot":{"x":-4.473828315734863,"y":-1.1920890808105469,"z":14.920177459716797},"rotation":{"x":-0.12829181551933289,"y":0.10008295625448227,"z":-0.013014174997806549,"w":-0.9865877032279968},"size":25.105653762817384,"orthographic":false}