{"cameraMode":{"drawMode":0,"name":"Shaded","section":"Shading Mode"},"sceneLighting":true,"audioPlay":false,"sceneViewState":{"showFog":true,"showMaterialUpdate":false,"showSkybox":true,"showFlares":true,"showImageEffects":true,"showParticleSystems":true},"in2DMode":false,"pivot":{"x":-4.473827362060547,"y":-16.8700008392334,"z":16.01000213623047},"rotation":{"x":-0.12377019971609116,"y":0.8666001558303833,"z":-0.2655183672904968,"w":-0.40396180748939516},"size":233.35108947753907,"orthographic":false}