{"cameraMode":{"drawMode":0,"name":"Shaded","section":"Shading Mode"},"sceneLighting":true,"audioPlay":false,"sceneViewState":{"showFog":true,"showMaterialUpdate":false,"showSkybox":true,"showFlares":true,"showImageEffects":true,"showParticleSystems":true},"in2DMode":false,"pivot":{"x":-15.483087539672852,"y":0.14333152770996095,"z":7.937381744384766},"rotation":{"x":-0.0749206468462944,"y":0.7254440784454346,"z":-0.07998638600111008,"w":-0.6794997453689575},"size":29.278791427612306,"orthographic":false}