{"cameraMode":{"drawMode":0,"name":"Shaded","section":"Shading Mode"},"sceneLighting":false,"audioPlay":false,"sceneViewState":{"showFog":true,"showMaterialUpdate":false,"showSkybox":false,"showFlares":true,"showImageEffects":true,"showParticleSystems":true},"in2DMode":false,"pivot":{"x":-0.3700000047683716,"y":1.0800000429153443,"z":3.630000114440918},"rotation":{"x":-0.07599025964736939,"y":0.7162108421325684,"z":-0.07896523177623749,"w":-0.6892257928848267},"size":4.171576499938965,"orthographic":false}