{"cameraMode":{"drawMode":0,"name":"Shaded","section":"Shading Mode"},"sceneLighting":true,"audioPlay":false,"sceneViewState":{"showFog":true,"showMaterialUpdate":false,"showSkybox":true,"showFlares":true,"showImageEffects":true,"showParticleSystems":true},"in2DMode":false,"pivot":{"x":-0.32064124941825869,"y":-9.408478736877442,"z":5.247280120849609},"rotation":{"x":-0.5398772358894348,"y":0.00681079039350152,"z":-0.004368683323264122,"w":-0.8417049646377564},"size":13.026839256286621,"orthographic":false}