{"cameraMode":{"drawMode":0,"name":"Shaded","section":"Shading Mode"},"sceneLighting":true,"audioPlay":false,"sceneViewState":{"showFog":true,"showMaterialUpdate":true,"showSkybox":true,"showFlares":true,"showImageEffects":true,"showParticleSystems":true},"in2DMode":false,"pivot":{"x":18.05159568786621,"y":0.950935423374176,"z":11.519817352294922},"rotation":{"x":0.006307617295533419,"y":0.03298530355095863,"z":-0.00020804197993129492,"w":0.9994359612464905},"size":119.21070098876953,"orthographic":false}