{"cameraMode":{"drawMode":0,"name":"Shaded","section":"Shading Mode"},"sceneLighting":true,"audioPlay":false,"sceneViewState":{"showFog":true,"showMaterialUpdate":true,"showSkybox":true,"showFlares":true,"showImageEffects":true,"showParticleSystems":true},"in2DMode":false,"pivot":{"x":-8.508485794067383,"y":1.877680778503418,"z":0.8134059906005859},"rotation":{"x":0.17531132698059083,"y":-0.2693679630756378,"z":0.049938857555389407,"w":0.9456283450126648},"size":22.0,"orthographic":false}