{"cameraMode":{"drawMode":0,"name":"Shaded","section":"Shading Mode"},"sceneLighting":true,"audioPlay":false,"sceneViewState":{"showFog":true,"showMaterialUpdate":true,"showSkybox":true,"showFlares":true,"showImageEffects":true,"showParticleSystems":true},"in2DMode":false,"pivot":{"x":1.3771902322769166,"y":-1.9494558572769166,"z":-7.989316940307617},"rotation":{"x":0.4324217736721039,"y":-0.021647276356816293,"z":0.01038432214409113,"w":0.9013516902923584},"size":23.334522247314454,"orthographic":false}