{"cameraMode":{"drawMode":0,"name":"Shaded","section":"Shading Mode"},"sceneLighting":true,"audioPlay":false,"sceneViewState":{"showFog":true,"showMaterialUpdate":true,"showSkybox":true,"showFlares":true,"showImageEffects":true,"showParticleSystems":true},"in2DMode":false,"pivot":{"x":3.225116729736328,"y":-8.006932258605957,"z":20.415224075317384},"rotation":{"x":0.14524869620800019,"y":0.025218850001692773,"z":-0.0037032754626125099,"w":0.9890668392181397},"size":46.494300842285159,"orthographic":false}