{"cameraMode":{"drawMode":0,"name":"Shaded","section":"Shading Mode"},"sceneLighting":true,"audioPlay":false,"sceneViewState":{"showFog":true,"showMaterialUpdate":true,"showSkybox":true,"showFlares":true,"showImageEffects":true,"showParticleSystems":true},"in2DMode":false,"pivot":{"x":-0.28353166580200198,"y":4.768004894256592,"z":2.9524459838867189},"rotation":{"x":0.013938486576080323,"y":0.956322193145752,"z":-0.046235743910074237,"w":0.288298100233078},"size":7.362061500549316,"orthographic":false}