{"cameraMode":{"drawMode":0,"name":"Shaded","section":"Shading Mode"},"sceneLighting":false,"audioPlay":false,"sceneViewState":{"showFog":true,"showMaterialUpdate":true,"showSkybox":false,"showFlares":true,"showImageEffects":true,"showParticleSystems":true},"in2DMode":false,"pivot":{"x":429.224853515625,"y":259.13372802734377,"z":-196.4737548828125},"rotation":{"x":-0.007759091444313526,"y":0.9910596609115601,"z":-0.11529029160737992,"w":-0.06669893115758896},"size":515.0145874023438,"orthographic":false}