{"cameraMode":{"drawMode":0,"name":"Shaded","section":"Shading Mode"},"sceneLighting":true,"audioPlay":false,"sceneViewState":{"showFog":true,"showMaterialUpdate":true,"showSkybox":true,"showFlares":true,"showImageEffects":true,"showParticleSystems":true},"in2DMode":false,"pivot":{"x":7.745567798614502,"y":9.64564323425293,"z":5.800522327423096},"rotation":{"x":0.3746941387653351,"y":-0.5790373086929321,"z":0.3391210436820984,"w":0.6397789716720581},"size":2.3566715717315676,"orthographic":false}