{"cameraMode":{"drawMode":0,"name":"Shaded","section":"Shading Mode"},"sceneLighting":true,"audioPlay":false,"sceneViewState":{"showFog":true,"showMaterialUpdate":true,"showSkybox":true,"showFlares":true,"showImageEffects":true,"showParticleSystems":true},"in2DMode":false,"pivot":{"x":-22.02681541442871,"y":-44.13681411743164,"z":16.393308639526368},"rotation":{"x":0.09711182117462158,"y":0.3470238447189331,"z":-0.036155249923467639,"w":0.9321140050888062},"size":233.35108947753907,"orthographic":false}