{"cameraMode":{"drawMode":0,"name":"Shaded","section":"Shading Mode"},"sceneLighting":true,"audioPlay":false,"sceneViewState":{"showFog":true,"showMaterialUpdate":true,"showSkybox":true,"showFlares":true,"showImageEffects":true,"showParticleSystems":true},"in2DMode":false,"pivot":{"x":339.79998779296877,"y":320.70001220703127,"z":0.0},"rotation":{"x":0.36093056201934817,"y":-0.5091732740402222,"z":0.24804024398326875,"w":0.7409100532531738},"size":710.8417358398438,"orthographic":false}