{"cameraMode":{"drawMode":0,"name":"Shaded","section":"Shading Mode"},"sceneLighting":true,"audioPlay":false,"sceneViewState":{"showFog":true,"showMaterialUpdate":true,"showSkybox":true,"showFlares":true,"showImageEffects":true,"showParticleSystems":true},"in2DMode":false,"pivot":{"x":2.014275550842285,"y":2.2384862899780275,"z":-0.9269473552703857},"rotation":{"x":0.15314200520515443,"y":-0.5432872176170349,"z":0.10156331211328507,"w":0.8191894888877869},"size":6.568802833557129,"orthographic":false}