{"cameraMode":{"drawMode":0,"name":"Shaded","section":"Shading Mode"},"sceneLighting":true,"audioPlay":false,"sceneViewState":{"showFog":true,"showMaterialUpdate":true,"showSkybox":true,"showFlares":true,"showImageEffects":true,"showParticleSystems":true},"in2DMode":false,"pivot":{"x":0.4250345230102539,"y":-1.758163571357727,"z":9.494976997375489},"rotation":{"x":0.17251314222812653,"y":-0.16230380535125733,"z":0.02883164770901203,"w":0.9711155891418457},"size":5.968802452087402,"orthographic":false}