{"cameraMode":{"drawMode":0,"name":"Shaded","section":"Shading Mode"},"sceneLighting":true,"audioPlay":false,"sceneViewState":{"showFog":true,"showMaterialUpdate":true,"showSkybox":true,"showFlares":true,"showImageEffects":true,"showParticleSystems":true},"in2DMode":false,"pivot":{"x":10.178997993469239,"y":11.409406661987305,"z":4.497509479522705},"rotation":{"x":0.36093056201934817,"y":-0.5091732740402222,"z":0.24804024398326875,"w":0.7409100532531738},"size":2.3566715717315676,"orthographic":false}